driverId,name,ssn,location,certified,wage-plan
10,Kathleen Webb,588-36-9338,"47124 Michele Shores Suite 047
Wendyborough, AK 45787",Y,miles
11,Kyle Walker,622-66-7101,"4368 Wolfe Pine
Porterfurt, OH 22471",N,miles
12,Robert Harris,352-21-6434,"480 Sarah Burgs Apt. 517
East Matthewport, FL 21417",Y,miles
13,Alexander Dixon,476-31-5721,"164 Daniel Route Apt. 749
North Allisonshire, MO 58499",Y,hours
14,William Fisher,122-12-1698,"848 Rhonda Passage
North Heather, MI 80780",Y,hours
15,Kimberly Potter,245-10-9445,"8396 Robert Course
Lake Glennbury, RI 39909",N,hours
16,Thomas Daugherty,657-68-7871,"1321 Brianna Avenue
Anthonyview, WV 48219",Y,hours
17,Christopher Goodman,473-41-1528,"63025 Bowman Pike
North Jill, CA 67597",Y,miles
18,Robert Conner,200-76-0693,"4566 Patterson Stream
North Vincent, HI 37754",Y,hours
19,Jason Anderson,635-71-7389,"899 Evan Station Suite 468
West Melanie, MO 60982",N,miles
20,Jessica Garcia,669-28-2026,"21415 Michael Union Suite 866
New Jonathan, WI 37191",Y,hours
21,Devin Wade,382-59-9972,"735 Wheeler Mews
Hodgehaven, IA 37930",Y,hours
22,Morgan Robinson,260-26-1826,"389 Cannon Wells Apt. 344
Port Robert, NH 02310",Y,hours
23,Katherine Joseph,483-61-1577,"6442 Aaron Common Apt. 464
West Steven, IN 10861",N,hours
24,Aaron Bush,679-54-0694,"77600 Wesley Ways Apt. 311
New Michelebury, VI 32771",Y,hours
25,Henry Adams,761-28-0158,"567 Brown Fords
Ricardotown, AS 42814",N,hours
26,Lisa Jimenez,279-82-3888,"979 Bradley Turnpike Apt. 794
Tiffanyberg, VI 08702",Y,hours
27,Joshua Stone,339-86-1877,"265 Peterson Drives Apt. 205
Dianeburgh, SC 26026",Y,miles
28,Timothy Nunez,262-50-2555,"9381 Teresa Port Suite 718
Port Laura, OR 06364",Y,miles
29,David Butler,501-01-7965,"812 Kirk Manor Suite 313
Kimberlytown, RI 23197",Y,miles
30,Rachael Woodard,359-17-4940,"5849 Brooks Drive
Amandafort, PA 63976",N,hours
31,Cory Riley,767-76-1790,"9842 Kristi Vista Apt. 277
West Jodi, UT 75955",Y,miles
32,Maria Randolph,816-87-4365,"128 Edward Valley Suite 395
New Davidburgh, SD 23512",N,miles
33,Lacey Davenport,448-32-1444,"8216 Brittany Glen Suite 728
Sethland, CO 71145",N,hours
34,Kevin Martin,005-42-2121,"7713 Tanner Hill
Mcconnelltown, RI 50716",N,hours
35,Elizabeth Jackson,577-72-7369,"USS Bradley
FPO AE 96007",N,hours
36,James Wood,024-31-7980,"0956 Margaret Brooks
Griffithmouth, PW 17478",N,miles
37,Nicole Larson,765-26-6444,"3196 Zachary Valleys
New Vanessa, WA 72048",N,hours
38,Heather Ellis,819-42-3968,"347 Adam Ville
Lake Toddbury, KS 29832",N,miles
39,Laura Schneider,040-78-1106,"918 Omar Parkways
West Mariamouth, AS 21054",Y,miles
40,Deborah Mahoney,880-06-8708,"403 Cruz Ramp
Zhangview, WY 41533",N,hours
41,Thomas Ellis,424-34-4495,"19326 Scott Mill
South Jessica, WV 59075",N,hours
42,Danny Campbell,109-04-5929,"1022 Brock Skyway
Martinberg, ID 50571",Y,miles
43,James Roberts,459-69-0041,"817 Harris Villages
North Vincent, ME 88598",N,miles
44,Kimberly Wright,504-76-8970,"Unit 6493 Box 7674
DPO AE 62284",N,miles
45,Jonathan Butler,030-02-1715,"693 Tim Harbor
South Lisaport, MP 28512",Y,miles
46,Theresa Moore,468-61-6305,"97971 Hernandez Ford Suite 800
Figueroaburgh, ND 60446",Y,hours
47,Sean Larson,035-52-5066,"66622 Joshua Plain
Oliviaville, PR 67041",Y,miles
48,Elizabeth Mitchell,449-83-4915,"9434 Patrick Bypass Apt. 566
Port Carolhaven, IA 64730",N,hours
49,Shawna Robertson,008-61-3689,"82196 Salinas Grove
South Chad, NM 66112",N,miles
50,Michele Fitzgerald,141-04-1504,"629 Linda Plaza Suite 811
Russoburgh, AR 70793",N,miles
51,Randy Becker,801-80-2869,"037 Foster Curve
Cookport, MO 45961",N,miles
52,Holly Best,685-26-8965,"248 Zachary Streets
Vanessatown, VT 08562",N,miles
53,Amy Abbott,093-89-1182,"39539 Martin Trafficway
Barnettshire, WV 40978",N,hours
54,Christina Burns MD,146-62-1974,"USCGC Greene
FPO AE 88390",N,miles
55,Tyler Ford,418-81-4986,"PSC 3264, Box 7693
APO AA 42466",N,miles
56,Michael Clark,409-04-9710,"98228 Emily Turnpike Apt. 782
Smithshire, NM 64489",N,miles
57,Robert Brewer,041-14-1357,"348 Jessica Parks Suite 311
Charlesfurt, TX 44810",Y,hours
58,Jacqueline Castaneda,697-36-5455,"225 Rodriguez Forge
East Brian, ID 94729",Y,hours
59,Richard Brown,658-95-7796,"241 Murphy Meadows
Port Lori, ME 80286",Y,hours
60,John Li,206-26-0678,"839 Seth Village
Leebury, AK 99849",Y,hours
61,Melissa Rodriguez,037-97-2629,"Unit 6767 Box 3140
DPO AP 50497",N,miles
62,Nicholas Barber,865-94-5214,"027 Justin Trail
Arielview, FM 71504",N,miles
63,Andrea Miller,750-73-6861,"5126 Salas Centers
Romeromouth, NV 11835",N,hours
64,Jason Schneider,259-99-9920,"38780 Griffin Plains Suite 441
Mcmahonhaven, VA 83181",Y,hours
65,Denise Thompson,779-04-6615,"1865 Timothy Freeway
South Margaretport, DE 60544",Y,hours
66,Taylor Moore,896-28-8020,"7551 Pamela Turnpike Suite 448
Leeport, AZ 80986",Y,miles
67,Christina Garcia,404-63-9927,"Unit 1850 Box 5254
DPO AP 04224",N,hours
68,Cheyenne Zamora,348-89-0965,"9355 Randy Vista
Port Alejandro, OK 69567",Y,hours
69,Wendy Smith,167-40-1422,"73370 Snyder Key
Jamesfurt, WY 82104",N,hours
70,James Mitchell,764-09-1838,"647 Thomas Islands
Richardsfort, LA 46734",Y,hours
71,Curtis Estrada,501-06-0619,"956 Castillo Road
Arroyostad, WA 38513",N,miles
72,Daniel Moore,736-51-0261,"4823 Jones Highway Suite 827
Andrewton, NV 26362",N,miles
73,Jamie Perez,632-89-4919,"95432 Kirk Station
Kimberlychester, MD 77679",Y,miles
74,Curtis Rose,737-21-7807,"7888 Baldwin Rue Suite 190
Andrewhaven, NH 58847",N,miles
75,Courtney Nguyen,152-15-2942,"03950 Brent Glens
East Ruben, WV 87374",N,miles
76,Hector Lewis,543-40-9323,"5134 Michael Key
Turnerfort, MS 41483",N,hours
77,Jason Adams,202-50-4366,"7893 Henry Skyway
Morenomouth, MS 94415",Y,hours
78,Christina Wang,546-50-4687,"440 Romero Wells Suite 095
South Amystad, WI 37744",N,hours
79,Gregory Dean,417-60-5976,"687 Logan Squares
East Garymouth, GA 47390",N,hours
80,Sonya Mann,075-01-1360,"11422 Garrett Crossing Apt. 875
Christopherhaven, KS 37191",Y,miles
81,Jacob Wilson,810-54-5031,"4928 David Terrace
East Jessicaberg, MN 03551",N,hours
82,Katherine Fisher,752-42-5075,"997 Tracy Village
Lake Mary, AK 73774",Y,hours
83,Rachael Bradley,196-86-8608,"4686 Singh Fort Suite 791
New Matthewchester, MT 49527",Y,miles
84,Jennifer Moss,081-48-1817,"034 Baker Spurs Apt. 172
Meganbury, VA 24850",Y,hours
85,James Harper,847-07-9853,"5393 Sarah Streets Apt. 188
Elizabethmouth, MT 64793",N,miles
86,Sharon Brandt,412-65-9809,"PSC 4633, Box 0128
APO AA 69214",Y,miles
87,Jeffrey Zavala,744-67-4555,"5476 Martinez Lock
North Kayla, AK 21709",N,hours
88,Curtis Schultz,727-33-8998,"378 Booth Highway Apt. 938
Kyleside, SD 75436",Y,miles
89,Susan Serrano,528-56-2244,"28464 Harper Land
Lucastown, IN 74507",Y,miles
90,Benjamin Neal,287-09-3686,"91119 Robertson Port
Lake Lauren, VT 29143",N,miles
91,Sergio Murray,511-04-1573,"Unit 6766 Box 9108
DPO AE 28832",Y,hours
92,Cynthia Gill,037-17-4007,"2864 Peterson Crest
Markchester, NV 27767",N,miles
93,Jennifer Johnson,116-35-8894,"Unit 9915 Box 1494
DPO AE 41563",N,hours
94,Joshua Doyle,509-10-3739,"591 Samantha Burgs Apt. 892
New Kyle, CT 97298",N,hours
95,Jessica Fuller,880-01-8798,"9527 Davidson Well
East Kathleen, PW 37699",Y,hours
96,Brittney Horton,181-77-3472,"927 Ramirez Haven Apt. 200
Smithview, VT 60668",Y,hours
97,Jamie Bowen,834-37-3166,"51364 Amy Streets
Lake Amy, NH 63804",N,miles
98,Brenda Mcbride,048-89-1780,"364 Jessica Mountain Apt. 259
New Loriburgh, CA 97154",Y,hours
99,Tammy Castillo,211-71-7404,"21827 Gonzales Plains Suite 808
Lunaland, MN 74348",Y,hours
100,Michael Taylor,344-79-5916,"50397 Jimenez Rue Apt. 323
Lake Christineton, ME 29831",Y,hours
101,Jerry Peters,713-69-8488,"173 Ponce Turnpike
North Joseph, HI 93286",Y,hours
102,Megan Jenkins,170-75-5165,"65793 Robert Ports
West Patrickfurt, IA 02134",Y,miles
103,Sherry Simon,160-30-2281,"4181 Wise Streets Suite 863
East Allen, OR 39620",Y,miles
104,Grant Jones,385-85-6246,"98098 Kim Grove
Mcgeeville, AS 87964",Y,hours
105,James Adams,556-94-5089,"6526 Barker Dam
Jeffreyhaven, AL 28249",Y,miles
106,Eric Smith,765-93-5184,"313 Kevin Cape
Stephentown, MP 76566",Y,miles
107,Shelby Carter,232-12-7411,"06980 Joanna Highway Suite 969
South Christine, MP 80782",Y,hours
108,Mrs. Angel Hodges,867-10-1783,"124 Jones Springs
Browningstad, OK 74662",N,miles
109,Michael Johnson,401-71-0292,"715 Phillips Lights
Lehaven, TX 79426",Y,miles
